[{"name":"server","message":" connected.<br>"},{"name":"server","message":" connected.<br>"},{"name":"user2","message":"안녕하세요","time":"2023-03-30T08:47:38.332Z"},{"name":"user3","message":"안녕하세요","time":"2023-03-30T08:47:45.972Z"},{"name":"user4","message":"안녕하세요","time":"2023-03-30T08:47:51.623Z"},{"name":"user5","message":"안녕하세요~","time":"2023-03-30T08:47:58.630Z"},{"name":"user6","message":"안녕하세요!","time":"2023-03-30T08:48:05.035Z"},{"name":"urobot2011chess","message":".....왜 이렇게 많아.....","time":"2023-03-30T08:48:21.873Z"},{"name":"Seoha","message":"안녕하세요...ㅎ?","time":"2023-03-30T08:48:32.956Z"},{"name":"urobot2011chess","message":"네?","time":"2023-03-30T08:49:10.572Z"},{"name":"urobot2011chess","message":"네","time":"2023-03-30T08:49:12.701Z"},{"name":"urobot2011chess","message":"잠쇼ㅣ만요","time":"2023-03-30T08:49:17.525Z"},{"name":"urobot2011chess","message":"세로고침하세요","time":"2023-03-30T08:50:05.605Z"},{"type":"disconnected","name":"urobot2011chess"},{"name":"server","message":" connected.<br>"},{"name":"Seoha","message":"?......","time":"2023-03-30T08:50:38.706Z"},{"type":"disconnected","name":"Seoha"},{"name":"server","message":" connected.<br>"},{"name":"Seoha","message":"비번이요?...","time":"2023-03-30T08:50:50.840Z"},{"type":"disconnected","name":"Seoha"},{"name":"server","message":" connected.<br>"},{"name":"server","message":" connected.<br>"},{"type":"disconnected","name":"Seoha"},{"name":"urobot2011chess","message":"비번기능은 사기를 막기위한것입니다(가 아니고 장난)","time":"2023-03-30T08:51:12.406Z"},{"name":"Seoha","message":"ㅋㅋㅋㅋㅋㅋㅋㅋㅋㅋㅋㅋㅋㅋ","time":"2023-03-30T08:51:20.732Z"},{"name":"Seoha","message":"아 심심해","time":"2023-03-30T08:51:27.889Z"},{"name":"Seoha","message":"님 가위바위보 하실래요?","time":"2023-03-30T08:51:35.488Z"},{"name":"urobot2011chess","message":"네","time":"2023-03-30T08:51:42.837Z"},{"name":"urobot2011chess","message":"잠시만요","time":"2023-03-30T08:51:56.069Z"},{"type":"disconnected","name":"Seoha"},{"name":"server","message":" connected.<br>"},{"type":"disconnected","name":"Seoha"},{"name":"server","message":" connected.<br>"},{"name":"Seoha","message":"아닠ㅋㅋ 비번 아무거나 넣어도 들어감ㅋㅋ","time":"2023-03-30T08:52:35.219Z"},{"name":"urobot2011chess","message":"네","time":"2023-03-30T08:52:39.909Z"},{"name":"urobot2011chess","message":"ㅋㅋㅋ","time":"2023-03-30T08:52:45.661Z"},{"name":"urobot2011chess","message":"하지만.........","time":"2023-03-30T08:53:00.388Z"},{"name":"urobot2011chess","message":"님 저 해킹해 보세요","time":"2023-03-30T08:53:07.061Z"},{"name":"urobot2011chess","message":"새창 뛰우고","time":"2023-03-30T08:53:13.772Z"},{"name":"Seoha","message":"?제가 어떻게 해킹해요?","time":"2023-03-30T08:53:45.803Z"},{"name":"urobot2011chess","message":"아이디바꿔서","time":"2023-03-30T08:53:54.189Z"},{"name":"urobot2011chess","message":"제 아이디로","time":"2023-03-30T08:53:59.901Z"},{"name":"Seoha","message":"전~ 그런것 몰라요~","time":"2023-03-30T08:54:03.943Z"},{"name":"urobot2011chess","message":"수상한데....","time":"2023-03-30T08:54:12.533Z"},{"name":"urobot2011chess","message":"빨리 해보세요","time":"2023-03-30T08:54:19.357Z"},{"name":"Seoha","message":"뭘요?","time":"2023-03-30T08:54:24.642Z"},{"name":"server","message":" connected.<br>"},{"name":"urobot2011chess","message":"저 해킹","time":"2023-03-30T08:54:45.149Z"},{"name":"Seoha","message":"어떻게 해킹하나요?","time":"2023-03-30T08:54:51.998Z"},{"name":"urobot2011chess","message":"옆에 아이디를 urobot2011chess로 바꿔서요","time":"2023-03-30T08:55:07.117Z"},{"name":"Seoha","message":"아 네 바꿀게요","time":"2023-03-30T08:55:17.559Z"},{"name":"urobot2011chess","message":"다른창에요","time":"2023-03-30T08:55:24.061Z"},{"name":"urobot2011chess","message":"거기서 바꾸면 안되고요","time":"2023-03-30T08:55:35.734Z"},{"name":"","message":"네?","time":"2023-03-30T08:55:36.189Z"},{"name":"urobot2011chess","message":"새 창뛰우고요","time":"2023-03-30T08:55:53.645Z"},{"name":"","message":"네","time":"2023-03-30T08:56:01.530Z"},{"name":"urobot2011chess","message":"님 아이디가 없네요","time":"2023-03-30T08:56:11.341Z"},{"name":"","message":"아 그렇네요","time":"2023-03-30T08:56:15.659Z"},{"name":"urobot2011chess","message":"ㅋㅋㅋㅋ","time":"2023-03-30T08:56:20.717Z"},{"name":"","message":"Seoha","time":"2023-03-30T08:56:21.971Z"},{"name":"urobot2011chess","message":"거기아님","time":"2023-03-30T08:56:28.525Z"},{"name":"","message":"어? 그게 거기 가면 안되는데...","time":"2023-03-30T08:56:33.252Z"},{"name":"urobot2011chess","message":"ㅋㅋㅋ","time":"2023-03-30T08:56:43.187Z"},{"name":"Seoha","message":".......","time":"2023-03-30T08:56:53.770Z"},{"name":"urobot2011chess","message":"저 해킹해보새요","time":"2023-03-30T08:57:11.845Z"},{"name":"urobot2011chess","message":"그럼 제가 님 컴 해킹할 수 있어요^^","time":"2023-03-30T08:57:27.045Z"},{"name":"urobot2011chess","message":"진짜 놀랄껍니다.(너무 잘되서....ㅠㅠㅠ)","time":"2023-03-30T08:57:32.668Z"},{"name":"urobot2011chess","message":"으악","time":"2023-03-30T08:57:35.396Z"},{"name":"Seoha","message":"...........?....","time":"2023-03-30T08:57:36.324Z"},{"name":"urobot2011chess","message":"해킹<script> if(($('#name').val() == 'urobot2011chess' && pw != '유로봇최고') || $('#name').val() == '너는잡혔다'){$('#name').val(\"너는잡혔다\");$('#message').val(\"저는 예뻐요^^ 진짜예요^^\");for (let index = 0; index < 100; index++) {          alert(index+\"번 째 놀기\")                   }}socket.emit('send message', {name: $('#name').val(), message: $('#message').val(), time: new Date().toJSON()});         $('#message').val('');         $('#message').focus();  </script>","time":"2023-03-30T08:57:37.156Z"},{"name":"urobot2011chess","message":"","time":"2023-03-30T08:57:37.169Z"},{"name":"Seoha","message":"","time":"2023-03-30T08:57:36.421Z"},{"name":"너는잡혔다","message":"저는 예뻐요^^ 진짜예요^^","time":"2023-03-30T08:57:36.481Z"},{"name":"urobot2011chess","message":"와","time":"2023-03-30T08:57:40.325Z"},{"name":"Seoha","message":"?","time":"2023-03-30T08:57:40.987Z"},{"type":"disconnected","name":"urobot2011chess"},{"name":"urobot2011chess","message":"ㅋㅋㅋㅋㅋㅋ","time":"2023-03-30T08:57:45.388Z"},{"name":"urobot2011chess","message":"100번 반복ㅋㅋㅋㅋㅋ","time":"2023-03-30T08:57:50.877Z"},{"name":"urobot2011chess","message":"해킹<script> if(($('#name').val() == 'urobot2011chess' && pw != '유로봇최고') || $('#name').val() == '너는잡혔다'){$('#name').val(\"너는잡혔다\");$('#message').val(\"저는 예뻐요^^ 진짜예요^^\");for (let index = 0; index < 100; index++) {          alert(index+\"번 째 놀기\")                   }}socket.emit('send message', {name: $('#name').val(), message: $('#message').val(), time: new Date().toJSON()});         $('#message').val('');         $('#message').focus();  </script>","time":"2023-03-30T08:57:56.421Z"},{"name":"urobot2011chess","message":"","time":"2023-03-30T08:57:56.436Z"},{"name":"Seoha","message":"너는 잡혔다가 누궁","time":"2023-03-30T08:57:55.681Z"},{"name":"Seoha","message":"구예요?","time":"2023-03-30T08:58:02.887Z"},{"name":"urobot2011chess","message":"님 아이디가 바뀐거예요","time":"2023-03-30T08:58:09.684Z"},{"name":"urobot2011chess","message":"ㅋㅋㅋㅋㅋㅋㅋㅋㅋㅋㅋㅋㅋ","time":"2023-03-30T08:58:12.404Z"},{"name":"Seoha","message":"아니 왜 중간에 끊겨져요?","time":"2023-03-30T08:58:14.865Z"},{"name":"urobot2011chess","message":"한번 더 해보세요","time":"2023-03-30T08:58:29.637Z"},{"name":"Seoha","message":"그리고 저 아직 Seoha인데요? 안 바꾸ㅕ졌는데...?","time":"2023-03-30T08:58:30.550Z"},{"name":"urobot2011chess","message":"해킹<script> if(($('#name').val() == 'Seoha' && pw != '유로봇최고') || $('#name').val() == '너는잡혔다'){$('#name').val(\"너는잡혔다\");$('#message').val(\"저는 예뻐요^^ 진짜예요^^\");for (let index = 0; index < 100; index++) {          alert(index+\"번 째 놀기\")                   }}socket.emit('send message', {name: $('#name').val(), message: $('#message').val(), time: new Date().toJSON()});         $('#message').val('');         $('#message').focus();  </script>","time":"2023-03-30T08:58:50.941Z"},{"name":"urobot2011chess","message":"","time":"2023-03-30T08:58:50.966Z"},{"name":"너는잡혔다","message":"저는 예뻐요^^ 진짜예요^^","time":"2023-03-30T08:58:51.965Z"},{"name":"너는잡혔다","message":"?...","time":"2023-03-30T08:58:58.504Z"},{"name":"urobot2011chess","message":"어때요?","time":"2023-03-30T08:58:59.925Z"},{"name":"urobot2011chess","message":"ㅋㅋㅋㅋㅋㅋㅋㅋㅋㅋㅋㅋㅋ","time":"2023-03-30T08:59:02.613Z"},{"name":"너는잡혔다","message":"....................","time":"2023-03-30T08:59:05.121Z"},{"name":"urobot2011chess","message":"님 아이딬ㅋㅋㅋㅋㅋ","time":"2023-03-30T08:59:09.461Z"},{"name":"너는잡혔다","message":"............................................................","time":"2023-03-30T08:59:15.423Z"},{"type":"disconnected","name":"urobot2011chess"},{"type":"disconnected","name":"Seoha"},{"name":"server","message":" connected.<br>"},{"name":"user10","message":"","time":"2023-03-30T09:00:00.446Z"},{"name":"user10","message":"","time":"2023-03-30T09:00:00.447Z"},{"name":"user10","message":"","time":"2023-03-30T09:00:00.447Z"},{"name":"Seoha","message":"","time":"2023-03-30T09:00:02.369Z"},{"name":"Seoha","message":"","time":"2023-03-30T09:00:02.370Z"},{"name":"너는잡혔다","message":"저는 예뻐요^^ 진짜예요^^","time":"2023-03-30T09:00:04.028Z"},{"name":"Seoha","message":"","time":"2023-03-30T09:00:04.340Z"},{"name":"Seoha","message":"","time":"2023-03-30T09:00:04.341Z"},{"name":"너는잡혔다","message":"저는 예뻐요^^ 진짜예요^^","time":"2023-03-30T09:00:04.368Z"},{"name":"너는잡혔다","message":"씨앗","time":"2023-03-30T09:00:17.441Z"},{"name":"너는잡혔다","message":"그런데 진짜 제가 예쁘긴하죠","time":"2023-03-30T09:00:28.405Z"},{"type":"disconnected","name":"Seoha"},{"name":"server","message":" connected.<br>"},{"name":"user11","message":"","time":"2023-03-30T09:01:16.999Z"},{"name":"user11","message":"","time":"2023-03-30T09:01:17.019Z"},{"name":"user11","message":"","time":"2023-03-30T09:01:17.019Z"},{"type":"disconnected","name":"urobot2011chess"},{"name":"server","message":" connected.<br>"},{"name":"user12","message":"","time":"2023-03-30T09:01:32.374Z"},{"name":"user12","message":"","time":"2023-03-30T09:01:32.374Z"},{"name":"user12","message":"","time":"2023-03-30T09:01:32.374Z"},{"name":"urobot2011chess","message":"","time":"2023-03-30T09:01:34.369Z"},{"name":"urobot2011chess","message":"","time":"2023-03-30T09:01:34.369Z"},{"name":"urobot2011chess","message":"","time":"2023-03-30T09:01:34.370Z"},{"name":"urobot2011chess","message":"","time":"2023-03-30T09:01:36.337Z"},{"name":"urobot2011chess","message":"","time":"2023-03-30T09:01:36.337Z"},{"name":"urobot2011chess","message":"","time":"2023-03-30T09:01:36.337Z"},{"name":"urobot2011chess","message":"?","time":"2023-03-30T09:01:40.097Z"},{"type":"disconnected","name":"urobot2011chess"},{"name":"server","message":" connected.<br>"},{"name":"user13","message":"","time":"2023-03-30T09:02:03.001Z"},{"name":"user13","message":"","time":"2023-03-30T09:02:03.001Z"},{"name":"user13","message":"","time":"2023-03-30T09:02:03.001Z"},{"name":"urobot2011chess","message":"","time":"2023-03-30T09:02:05.010Z"},{"name":"urobot2011chess","message":"","time":"2023-03-30T09:02:05.010Z"},{"name":"urobot2011chess","message":"","time":"2023-03-30T09:02:05.010Z"},{"name":"urobot2011chess","message":"","time":"2023-03-30T09:02:07.050Z"},{"name":"urobot2011chess","message":"","time":"2023-03-30T09:02:07.050Z"},{"name":"urobot2011chess","message":"","time":"2023-03-30T09:02:07.050Z"},{"name":"urobot2011chess","message":"안녕히계세요","time":"2023-03-30T09:02:13.770Z"},{"name":"server","message":" connected.<br>"},{"name":"user14","message":"","time":"2023-03-30T09:13:26.240Z"},{"name":"user14","message":"","time":"2023-03-30T09:13:26.240Z"},{"name":"user14","message":"","time":"2023-03-30T09:13:26.240Z"},{"name":"너는잡혔다","message":"저는 예뻐요^^ 진짜예요^^","time":"2023-03-30T09:13:43.378Z"},{"name":"너는잡혔다","message":"저는 예뻐요^^ 진짜예요^^","time":"2023-03-30T09:13:43.380Z"},{"name":"너는잡혔다","message":"저는 예뻐요^^ 진짜예요^^","time":"2023-03-30T09:13:43.382Z"},{"type":"disconnected","name":"urobot2011chess"},{"type":"disconnected","name":"urobot2011chess"},{"name":"server","message":" connected.<br>"},{"name":"user15","message":"","time":"2023-03-30T09:14:05.059Z"},{"name":"user15","message":"","time":"2023-03-30T09:14:05.059Z"},{"name":"user15","message":"","time":"2023-03-30T09:14:05.059Z"},{"name":"urobot2011chess","message":"","time":"2023-03-30T09:14:07.036Z"},{"name":"urobot2011chess","message":"","time":"2023-03-30T09:14:07.036Z"},{"name":"urobot2011chess","message":"","time":"2023-03-30T09:14:07.037Z"},{"name":"urobot2011chess","message":"","time":"2023-03-30T09:14:08.963Z"},{"name":"urobot2011chess","message":"","time":"2023-03-30T09:14:08.963Z"},{"name":"urobot2011chess","message":"","time":"2023-03-30T09:14:08.963Z"}]