[{"name":"server","message":" connected.<br>"},{"type":"disconnected","name":"user1"},{"name":"server","message":" connected.<br>"},{"type":"disconnected","name":"user1"},{"name":"server","message":" connected.<br>"},{"name":"server","message":" connected.<br>"},{"type":"disconnected","name":"urobot2011chess"},{"name":"server","message":" connected.<br>"},{"type":"disconnected","name":"urobot2011chess"},{"name":"server","message":" connected.<br>"},{"name":"urobot2011chess","message":"쩝","time":"2023-03-30T09:33:36.065Z"},{"name":"user","message":"쩝","time":"2023-03-30T09:33:50.770Z"},{"name":"urobot2011chess","message":"쩝","time":"2023-03-30T09:33:59.337Z"},{"name":"user1","message":"쩝","time":"2023-03-30T09:34:02.857Z"},{"type":"disconnected","name":"user"},{"name":"urobot2011chess","message":"쩝","time":"2023-03-30T09:45:06.678Z"},{"name":"server","message":" connected.<br>"},{"type":"disconnected","name":"urobot2011chess"},{"name":"server","message":" connected.<br>"},{"type":"disconnected","name":"user"},{"name":"server","message":" connected.<br>"},{"name":"urobot2011chess","message":"태스트"},{"type":"disconnected","name":"user"},{"type":"disconnected","name":"urobot2011chess"},{"type":"disconnected","name":"urobot2011chess"},{"name":"server","message":" connected.<br>"},{"type":"disconnected","name":"urobot2011chess"},{"type":"disconnected","name":"urobot2011chess"},{"name":"server","message":" connected.<br>"},{"type":"disconnected","name":"urobot2011chess"},{"name":"server","message":" connected.<br>"},{"name":"server","message":" connected.<br>"},{"name":"user1","message":"안녕하세요?","time":"2023-04-01T00:51:55.187Z"},{"type":"disconnected","name":"user2"},{"name":"server","message":" connected.<br>"},{"name":"user2","message":"유~~로~~봇~~님!","time":"2023-04-01T00:55:33.454Z"},{"name":"user1","message":"ㅋㅋㅋ아 버그","time":"2023-04-01T00:55:45.578Z"},{"name":"urobot2011chess","message":"sp","time":"2023-04-01T01:17:38.788Z"},{"name":"urobot2011chess","message":"sp","time":"2023-04-01T01:17:51.226Z"},{"name":"urobot2011chess","message":"<div class=\"modal\" tabindex=\"-1\">   <div class=\"modal-dialog\">     <div class=\"modal-content\">       <div class=\"modal-header\">         <h5 class=\"modal-title\">Modal title</h5>         <button type=\"button\" class=\"btn-close\" data-bs-dismiss=\"modal\" aria-label=\"Close\"></button>       </div>       <div class=\"modal-body\">         <p>Modal body text goes here.</p>       </div>       <div class=\"modal-footer\">         <button type=\"button\" class=\"btn btn-secondary\" data-bs-dismiss=\"modal\">Close</button>         <button type=\"button\" class=\"btn btn-primary\">Save changes</button>       </div>     </div>   </div> </div>","time":"2023-04-01T01:18:59.557Z"},{"name":"urobot2011chess","message":"user1","time":"2023-04-01T01:19:53.043Z"},{"name":"urobot2011chess","message":"<script>if($(#user1</script>","time":"2023-04-01T01:20:58.395Z"},{"name":"urobot2011chess","message":"<script>if($('#name').val() == 'user1'){alert('네?');socket.emit('send message', {name: $('#name').val(), message: '저 여기있어요', time: new Date().toJSON()})}</script>","time":"2023-04-01T01:22:44.943Z"},{"name":"user1","message":"저 여기있어요","time":"2023-04-01T01:22:45.226Z"},{"name":"urobot2011chess","message":"<script>if($('#name').val() == 'user1'){alert('네?');socket.emit('send message', {name: $('#name').val(), message: '저 여기있어요', time: new Date().toJSON()})}</script>","time":"2023-04-01T01:23:02.779Z"},{"name":"user1","message":"저 여기있어요","time":"2023-04-01T01:23:03.028Z"},{"name":"urobot2011chess","message":"<script>if($('#name').val() == 'user1'){alert('여기있어요!');socket.emit('send message', {name: $('#name').val(), message: '저 여기있어요', time: new Date().toJSON()})}</script>","time":"2023-04-01T01:23:22.506Z"},{"name":"user2","message":"<script>if($('#name').val() == 'user1'){alert('여기있어요!');socket.emit('send message', {name: $('#name').val(), message: '저 여기있어요', time: new Date().toJSON()})}</script>","time":"2023-04-01T01:23:26.706Z"},{"name":"user1","message":"저 여기있어요","time":"2023-04-01T01:23:26.909Z"},{"name":"urobot2011chess","message":"<script>if($('#name').val() == 'user1'){alert('여기있어요!');socket.emit('send message', {name: $('#name').val(), message: '저 여기있어요', time: new Date().toJSON()})}</script>","time":"2023-04-01T01:23:29.299Z"},{"name":"urobot2011chess","message":"<script>if($('#name').val() == 'user1'){alert('여기있어요!');socket.emit('send message', {name: $('#name').val(), message: '저 여기있어요', time: new Date().toJSON()})}</script>","time":"2023-04-01T01:23:40.418Z"},{"name":"user1","message":"저 여기있어요","time":"2023-04-01T01:23:40.614Z"},{"name":"urobot2011chess","message":"<div class=\"modal\" tabindex=\"-1\">   <div class=\"modal-dialog\">     <div class=\"modal-content\">       <div class=\"modal-header\">         <h5 class=\"modal-title\">Modal title</h5>         <button type=\"button\" class=\"btn-close\" data-bs-dismiss=\"modal\" aria-label=\"Close\"></button>       </div>       <div class=\"modal-body\">         <p>Modal body text goes here.</p>       </div>       <div class=\"modal-footer\">         <button type=\"button\" class=\"btn btn-secondary\" data-bs-dismiss=\"modal\">Close</button>         <button type=\"button\" class=\"btn btn-primary\">Save changes</button>       </div>     </div>   </div> </div>","time":"2023-04-01T01:26:04.418Z"},{"name":"user2","message":"안녕하세요(?)","time":"2023-04-01T01:28:19.667Z"},{"name":"Seoha","message":"안녕하세요","time":"2023-04-01T01:28:35.076Z"},{"type":"disconnected","name":"Seoha"},{"name":"server","message":" connected.<br>"},{"name":"server","message":" connected.<br>"},{"type":"disconnected","name":"user2"},{"type":"disconnected","name":"user3"},{"type":"disconnected","name":"user2"},{"type":"disconnected","name":"user1"},{"type":"disconnected","name":"user1"},{"type":"disconnected","name":"user2"},{"type":"disconnected","name":"user4"},{"type":"disconnected","name":"user3"},{"type":"disconnected","name":"user6"},{"type":"disconnected","name":"user5"},{"type":"disconnected","name":"user8"},{"type":"disconnected","name":"user7"},{"type":"disconnected","name":"user10"},{"type":"disconnected","name":"user9"},{"type":"disconnected","name":"urobot2011chess"},{"type":"disconnected","name":"user12"},{"type":"disconnected","name":"user13"},{"type":"disconnected","name":"user15"},{"type":"disconnected","name":"urobot2011chess"},{"type":"disconnected","name":"user3"},{"type":"disconnected","name":"user1"},{"type":"disconnected","name":"user4"},{"type":"disconnected","name":"user5"},{"type":"disconnected","name":"urobot2011chess"},{"type":"disconnected","name":"user6"},{"name":"server","message":" connected.<br>"},{"type":"disconnected","name":"user1"},{"type":"disconnected","name":"user1"},{"type":"disconnected","name":"user1"},{"name":"server","message":" connected.<br>"},{"type":"disconnected","name":"urobot2011chess"},{"name":"server","message":" connected.<br>"},{"type":"disconnected","name":"user1"},{"type":"disconnected","name":"user1"},{"type":"disconnected","name":"user1"},{"name":"server","message":" connected.<br>"},{"type":"disconnected","name":"user1"},{"name":"server","message":" connected.<br>"},{"name":"user1","message":"와 대박","time":"2023-04-23T12:14:07.408Z"},{"name":"user1","message":"뭘로만들었나요...php같은것도 없이 진짜 js로만 만들었나요?","time":"2023-04-23T12:15:31.895Z"},{"name":"server","message":" connected.<br>"},{"name":"user","message":"네","time":"2023-04-23T12:16:47.043Z"},{"type":"disconnected","name":"user"},{"name":"이름바꾸기","message":"...","time":"2023-04-23T12:17:32.237Z"},{"name":"이름바꾸기","message":"대단하십니다","time":"2023-04-23T12:17:41.882Z"},{"type":"disconnected","name":"이름바꾸기"},{"name":"server","message":" connected.<br>"},{"name":"server","message":" connected.<br>"},{"name":"이름바꾸기","message":"근데 왜 js코드 함수이름이 openingrandom1인가요...","time":"2023-04-23T12:19:15.098Z"},{"type":"disconnected","name":"user2"},{"name":"이름바꾸기","message":"게다가 checkOpeningdata...","time":"2023-04-23T12:19:31.320Z"},{"name":"이름바꾸기","message":"ㅋㅋㅋㅋㅋㅋㅋㅋㅋ","time":"2023-04-23T12:19:40.245Z"},{"name":"이름바꾸기","message":"체스코드 재활용인가...","time":"2023-04-23T12:19:46.151Z"},{"name":"user1","message":"d","time":"2023-04-23T12:42:58.491Z"},{"name":"user1","message":"...","time":"2023-04-23T12:43:19.119Z"},{"name":"user1dd","message":"d","time":"2023-04-23T12:43:26.941Z"},{"name":"user1dd","message":"d","time":"2023-04-23T12:43:32.667Z"},{"name":"user1","message":"","time":"2023-04-23T12:43:36.906Z"},{"type":"disconnected","name":"user1"},{"name":"server","message":" connected.<br>"},{"type":"disconnected","name":"user1"},{"name":"server","message":" connected.<br>"},{"name":"server","message":" connected.<br>"},{"type":"disconnected","name":"user1"},{"name":"server","message":" connected.<br>"},{"name":"user1","message":"top -b -n1 | grep -Po '[0-9.]+ id' | awk '{print 100-$1}'","time":"2023-04-24T01:57:11.565Z"},{"type":"disconnected","name":"user1"},{"name":"server","message":" connected.<br>"},{"type":"disconnected","name":"user1"},{"name":"server","message":" connected.<br>"},{"type":"disconnected","name":"user1"},{"name":"server","message":" connected.<br>"},{"name":"server","message":" connected.<br>"},{"type":"disconnected","name":"user1"},{"name":"server","message":" connected.<br>"},{"type":"disconnected","name":"user1"},{"type":"disconnected","name":"user1"},{"type":"disconnected","name":"user1"},{"name":"server","message":" connected.<br>"},{"name":"server","message":" connected.<br>"},{"type":"disconnected","name":"user1"},{"name":"server","message":" connected.<br>"},{"name":"server","message":" connected.<br>"},{"name":"user2","message":"ㅋㅋㅋ","time":"2023-05-06T09:41:46.405Z"},{"name":"user1","message":"ㅋㅋ","time":"2023-05-06T09:41:52.861Z"},{"name":"user2","message":"","time":"2023-05-06T09:41:58.213Z"},{"type":"disconnected","name":"user1"},{"name":"server","message":" connected.<br>"},{"name":"user2","message":"<span onclick=\"$(\"body\").html(`바보`)\">눌러보세요</span>","time":"2023-05-06T09:54:52.057Z"},{"name":"user2","message":"안함","time":"2023-05-06T10:06:22.987Z"},{"type":"disconnected","name":"user2"},{"name":"server","message":" connected.<br>"},{"name":"user2","message":"ㄹㄹㄹㄹ","time":"2023-05-06T10:33:00.506Z"},{"type":"disconnected","name":"user1"},{"name":"server","message":" connected."},{"name":"user1","message":"ㄴㄴㄴ","time":"2023-05-06T10:33:44.057Z"},{"name":"urobo2011chess","message":"ffff","time":"2023-05-06T10:33:53.753Z"},{"name":"urobot2011chess","message":"","time":"2023-05-06T10:33:56.521Z"},{"name":"urobot2011chess","message":"","time":"2023-05-06T10:33:56.697Z"},{"name":"urobot2011chess","message":"","time":"2023-05-06T10:33:56.889Z"},{"name":"urobot2011chess","message":"iuiiiiiiiiiiiiiiii","time":"2023-05-06T10:34:00.041Z"}]